<?xml version="1.0" encoding="UTF-8"?>
<metadata xml:lang="en"><Esri><CreaDate>20180420</CreaDate><CreaTime>13390200</CreaTime><ArcGISFormat>1.0</ArcGISFormat><SyncOnce>FALSE</SyncOnce><DataProperties><itemProps><itemName Sync="TRUE">BaltStreet</itemName><imsContentType Sync="TRUE">002</imsContentType><itemLocation><linkage Sync="TRUE">file://\\D25MT06AF8J9-W\C$\Users\!geographer\Documents\Downloads\4-18\Baltimore.gdb</linkage><protocol Sync="TRUE">Local Area Network</protocol></itemLocation></itemProps><coordRef><type Sync="TRUE">Projected</type><geogcsn Sync="TRUE">GCS_North_American_1983</geogcsn><csUnits Sync="TRUE">Linear Unit: Foot_US (0.304801)</csUnits><projcsn Sync="TRUE">NAD83_Maryland_ftUS</projcsn><peXml Sync="TRUE">&lt;ProjectedCoordinateSystem xsi:type='typens:ProjectedCoordinateSystem' xmlns:xsi='http://www.w3.org/2001/XMLSchema-instance' xmlns:xs='http://www.w3.org/2001/XMLSchema' xmlns:typens='http://www.esri.com/schemas/ArcGIS/10.5'&gt;&lt;WKT&gt;PROJCS[&amp;quot;NAD83_Maryland_ftUS&amp;quot;,GEOGCS[&amp;quot;GCS_North_American_1983&amp;quot;,DATUM[&amp;quot;D_North_American_1983&amp;quot;,SPHEROID[&amp;quot;GRS_1980&amp;quot;,6378137.0,298.257222101]],PRIMEM[&amp;quot;Greenwich&amp;quot;,0.0],UNIT[&amp;quot;Degree&amp;quot;,0.0174532925199433]],PROJECTION[&amp;quot;Lambert_Conformal_Conic&amp;quot;],PARAMETER[&amp;quot;false_easting&amp;quot;,1312333.333],PARAMETER[&amp;quot;false_northing&amp;quot;,0.0],PARAMETER[&amp;quot;central_meridian&amp;quot;,-77.0],PARAMETER[&amp;quot;standard_parallel_1&amp;quot;,38.3],PARAMETER[&amp;quot;standard_parallel_2&amp;quot;,39.45],PARAMETER[&amp;quot;latitude_of_origin&amp;quot;,37.66666666666666],UNIT[&amp;quot;Foot_US&amp;quot;,0.3048006096012192]]&lt;/WKT&gt;&lt;XOrigin&gt;-120561100&lt;/XOrigin&gt;&lt;YOrigin&gt;-95444400&lt;/YOrigin&gt;&lt;XYScale&gt;3048.0060960121918&lt;/XYScale&gt;&lt;ZOrigin&gt;-100000&lt;/ZOrigin&gt;&lt;ZScale&gt;10000&lt;/ZScale&gt;&lt;MOrigin&gt;-100000&lt;/MOrigin&gt;&lt;MScale&gt;10000&lt;/MScale&gt;&lt;XYTolerance&gt;0.0032808333333333331&lt;/XYTolerance&gt;&lt;ZTolerance&gt;0.001&lt;/ZTolerance&gt;&lt;MTolerance&gt;0.001&lt;/MTolerance&gt;&lt;HighPrecision&gt;true&lt;/HighPrecision&gt;&lt;/ProjectedCoordinateSystem&gt;</peXml></coordRef><lineage><Process ToolSource="c:\program files (x86)\arcgis\desktop10.5\ArcToolbox\Toolboxes\Conversion Tools.tbx\FeatureClassToFeatureClass" Date="20180418" Time="195442">FeatureClassToFeatureClass C:\Users\!geographer\Documents\Downloads\4-18\Baltimore_Streets.shp C:\Users\!geographer\Documents\Downloads\4-18\Baltimore.gdb BaltStreet # "OBJECTID_1 "OBJECTID_1" true true false 10 Long 0 10 ,First,#,C:\Users\!geographer\Documents\Downloads\4-18\Baltimore_Streets.shp,OBJECTID_1,-1,-1;OBJECTID "OBJECTID" true true false 80 Text 0 0 ,First,#,C:\Users\!geographer\Documents\Downloads\4-18\Baltimore_Streets.shp,OBJECTID,-1,-1;TAG "TAG" true true false 80 Text 0 0 ,First,#,C:\Users\!geographer\Documents\Downloads\4-18\Baltimore_Streets.shp,TAG,-1,-1;LAST_ORG "LAST_ORG" true true false 80 Text 0 0 ,First,#,C:\Users\!geographer\Documents\Downloads\4-18\Baltimore_Streets.shp,LAST_ORG,-1,-1;CAPTURE_ME "CAPTURE_ME" true true false 80 Text 0 0 ,First,#,C:\Users\!geographer\Documents\Downloads\4-18\Baltimore_Streets.shp,CAPTURE_ME,-1,-1;LAST_USER "LAST_USER" true true false 80 Text 0 0 ,First,#,C:\Users\!geographer\Documents\Downloads\4-18\Baltimore_Streets.shp,LAST_USER,-1,-1;EDIT_DATE "EDIT_DATE" true true false 80 Text 0 0 ,First,#,C:\Users\!geographer\Documents\Downloads\4-18\Baltimore_Streets.shp,EDIT_DATE,-1,-1;TYPE "TYPE" true true false 80 Text 0 0 ,First,#,C:\Users\!geographer\Documents\Downloads\4-18\Baltimore_Streets.shp,TYPE,-1,-1;SUBTYPE "SUBTYPE" true true false 80 Text 0 0 ,First,#,C:\Users\!geographer\Documents\Downloads\4-18\Baltimore_Streets.shp,SUBTYPE,-1,-1;DIRPRE "DIRPRE" true true false 80 Text 0 0 ,First,#,C:\Users\!geographer\Documents\Downloads\4-18\Baltimore_Streets.shp,DIRPRE,-1,-1;FEANME "FEANME" true true false 80 Text 0 0 ,First,#,C:\Users\!geographer\Documents\Downloads\4-18\Baltimore_Streets.shp,FEANME,-1,-1;FEATYPE "FEATYPE" true true false 80 Text 0 0 ,First,#,C:\Users\!geographer\Documents\Downloads\4-18\Baltimore_Streets.shp,FEATYPE,-1,-1;DIRSUF "DIRSUF" true true false 80 Text 0 0 ,First,#,C:\Users\!geographer\Documents\Downloads\4-18\Baltimore_Streets.shp,DIRSUF,-1,-1;FRADDL "FRADDL" true true false 10 Long 0 10 ,First,#,C:\Users\!geographer\Documents\Downloads\4-18\Baltimore_Streets.shp,FRADDL,-1,-1;TOADDL "TOADDL" true true false 10 Long 0 10 ,First,#,C:\Users\!geographer\Documents\Downloads\4-18\Baltimore_Streets.shp,TOADDL,-1,-1;FRADDR "FRADDR" true true false 10 Long 0 10 ,First,#,C:\Users\!geographer\Documents\Downloads\4-18\Baltimore_Streets.shp,FRADDR,-1,-1;TOADDR "TOADDR" true true false 10 Long 0 10 ,First,#,C:\Users\!geographer\Documents\Downloads\4-18\Baltimore_Streets.shp,TOADDR,-1,-1;FRADDLA "FRADDLA" true true false 10 Long 0 10 ,First,#,C:\Users\!geographer\Documents\Downloads\4-18\Baltimore_Streets.shp,FRADDLA,-1,-1;TOADDLA "TOADDLA" true true false 10 Long 0 10 ,First,#,C:\Users\!geographer\Documents\Downloads\4-18\Baltimore_Streets.shp,TOADDLA,-1,-1;FRADDRA "FRADDRA" true true false 10 Long 0 10 ,First,#,C:\Users\!geographer\Documents\Downloads\4-18\Baltimore_Streets.shp,FRADDRA,-1,-1;TOADDRA "TOADDRA" true true false 10 Long 0 10 ,First,#,C:\Users\!geographer\Documents\Downloads\4-18\Baltimore_Streets.shp,TOADDRA,-1,-1;LEFTZIP "LEFTZIP" true true false 80 Text 0 0 ,First,#,C:\Users\!geographer\Documents\Downloads\4-18\Baltimore_Streets.shp,LEFTZIP,-1,-1;RIGHTZIP "RIGHTZIP" true true false 80 Text 0 0 ,First,#,C:\Users\!geographer\Documents\Downloads\4-18\Baltimore_Streets.shp,RIGHTZIP,-1,-1;FULLNAME "FULLNAME" true true false 80 Text 0 0 ,First,#,C:\Users\!geographer\Documents\Downloads\4-18\Baltimore_Streets.shp,FULLNAME,-1,-1;FLAG "FLAG" true true false 80 Text 0 0 ,First,#,C:\Users\!geographer\Documents\Downloads\4-18\Baltimore_Streets.shp,FLAG,-1,-1;COMMENTS "COMMENTS" true true false 80 Text 0 0 ,First,#,C:\Users\!geographer\Documents\Downloads\4-18\Baltimore_Streets.shp,COMMENTS,-1,-1;SHA_CLASS "SHA_CLASS" true true false 80 Text 0 0 ,First,#,C:\Users\!geographer\Documents\Downloads\4-18\Baltimore_Streets.shp,SHA_CLASS,-1,-1;SHAPE_Leng "SHAPE_Leng" true true false 80 Text 0 0 ,First,#,C:\Users\!geographer\Documents\Downloads\4-18\Baltimore_Streets.shp,SHAPE_Leng,-1,-1;PLACE "PLACE" true true false 80 Text 0 0 ,First,#,C:\Users\!geographer\Documents\Downloads\4-18\Baltimore_Streets.shp,PLACE,-1,-1;BLOCKTEXT "BLOCKTEXT" true true false 80 Text 0 0 ,First,#,C:\Users\!geographer\Documents\Downloads\4-18\Baltimore_Streets.shp,BLOCKTEXT,-1,-1;BLOCK_NUM "BLOCK_NUM" true true false 10 Long 0 10 ,First,#,C:\Users\!geographer\Documents\Downloads\4-18\Baltimore_Streets.shp,BLOCK_NUM,-1,-1;ZIPCODE "ZIPCODE" true true false 80 Text 0 0 ,First,#,C:\Users\!geographer\Documents\Downloads\4-18\Baltimore_Streets.shp,ZIPCODE,-1,-1;GlobalID "GlobalID" true true false 80 Text 0 0 ,First,#,C:\Users\!geographer\Documents\Downloads\4-18\Baltimore_Streets.shp,GlobalID,-1,-1;URL "URL" true true false 80 Text 0 0 ,First,#,C:\Users\!geographer\Documents\Downloads\4-18\Baltimore_Streets.shp,URL,-1,-1;ShapeSTLen "ShapeSTLen" true true false 19 Double 0 0 ,First,#,C:\Users\!geographer\Documents\Downloads\4-18\Baltimore_Streets.shp,ShapeSTLen,-1,-1" #</Process></lineage></DataProperties><SyncDate>20180418</SyncDate><SyncTime>19543000</SyncTime><ModDate>20180418</ModDate><ModTime>19543000</ModTime></Esri><dataIdInfo><envirDesc Sync="TRUE">Microsoft Windows 7 Version 6.1 (Build 7601) Service Pack 1; Esri ArcGIS 10.5.1.7333</envirDesc><dataLang><languageCode value="eng" Sync="TRUE"></languageCode><countryCode value="USA" Sync="TRUE"></countryCode></dataLang><idCitation><resTitle Sync="TRUE">BaltStreet</resTitle><presForm><PresFormCd value="005" Sync="TRUE"></PresFormCd></presForm></idCitation><spatRpType><SpatRepTypCd value="001" Sync="TRUE"></SpatRepTypCd></spatRpType></dataIdInfo><mdLang><languageCode value="eng" Sync="TRUE"></languageCode><countryCode value="USA" Sync="TRUE"></countryCode></mdLang><distInfo><distFormat><formatName Sync="TRUE">File Geodatabase Feature Class</formatName></distFormat></distInfo><mdHrLv><ScopeCd value="005" Sync="TRUE"></ScopeCd></mdHrLv><mdHrLvName Sync="TRUE">dataset</mdHrLvName><refSysInfo><RefSystem><refSysID><identCode code="0" Sync="TRUE"></identCode></refSysID></RefSystem></refSysInfo><spatRepInfo><VectSpatRep><geometObjs Name="BaltStreet"><geoObjTyp><GeoObjTypCd value="002" Sync="TRUE"></GeoObjTypCd></geoObjTyp><geoObjCnt Sync="TRUE">0</geoObjCnt></geometObjs><topLvl><TopoLevCd value="001" Sync="TRUE"></TopoLevCd></topLvl></VectSpatRep></spatRepInfo><spdoinfo><ptvctinf><esriterm Name="BaltStreet"><efeatyp Sync="TRUE">Simple</efeatyp><efeageom code="3" Sync="TRUE"></efeageom><esritopo Sync="TRUE">FALSE</esritopo><efeacnt Sync="TRUE">0</efeacnt><spindex Sync="TRUE">TRUE</spindex><linrefer Sync="TRUE">FALSE</linrefer></esriterm></ptvctinf></spdoinfo><eainfo><detailed Name="BaltStreet"><enttyp><enttypl Sync="TRUE">BaltStreet</enttypl><enttypt Sync="TRUE">Feature Class</enttypt><enttypc Sync="TRUE">0</enttypc></enttyp><attr><attrlabl Sync="TRUE">OBJECTID_12</attrlabl><attalias Sync="TRUE">OBJECTID_12</attalias><attrtype Sync="TRUE">OID</attrtype><attwidth Sync="TRUE">4</attwidth><atprecis Sync="TRUE">0</atprecis><attscale Sync="TRUE">0</attscale><attrdef Sync="TRUE">Internal feature number.</attrdef><attrdefs Sync="TRUE">Esri</attrdefs><attrdomv><udom Sync="TRUE">Sequential unique whole numbers that are automatically generated.</udom></attrdomv></attr><attr><attrlabl Sync="TRUE">Shape</attrlabl><attalias Sync="TRUE">Shape</attalias><attrtype Sync="TRUE">Geometry</attrtype><attwidth Sync="TRUE">0</attwidth><atprecis Sync="TRUE">0</atprecis><attscale Sync="TRUE">0</attscale><attrdef Sync="TRUE">Feature geometry.</attrdef><attrdefs Sync="TRUE">Esri</attrdefs><attrdomv><udom Sync="TRUE">Coordinates defining the features.</udom></attrdomv></attr><attr><attrlabl Sync="TRUE">OBJECTID_1</attrlabl><attalias Sync="TRUE">OBJECTID_1</attalias><attrtype Sync="TRUE">Integer</attrtype><attwidth Sync="TRUE">4</attwidth><atprecis Sync="TRUE">0</atprecis><attscale Sync="TRUE">0</attscale></attr><attr><attrlabl Sync="TRUE">OBJECTID</attrlabl><attalias Sync="TRUE">OBJECTID</attalias><attrtype Sync="TRUE">String</attrtype><attwidth Sync="TRUE">80</attwidth><atprecis Sync="TRUE">0</atprecis><attscale Sync="TRUE">0</attscale></attr><attr><attrlabl Sync="TRUE">TAG</attrlabl><attalias Sync="TRUE">TAG</attalias><attrtype Sync="TRUE">String</attrtype><attwidth Sync="TRUE">80</attwidth><atprecis Sync="TRUE">0</atprecis><attscale Sync="TRUE">0</attscale></attr><attr><attrlabl Sync="TRUE">LAST_ORG</attrlabl><attalias Sync="TRUE">LAST_ORG</attalias><attrtype Sync="TRUE">String</attrtype><attwidth Sync="TRUE">80</attwidth><atprecis Sync="TRUE">0</atprecis><attscale Sync="TRUE">0</attscale></attr><attr><attrlabl Sync="TRUE">CAPTURE_ME</attrlabl><attalias Sync="TRUE">CAPTURE_ME</attalias><attrtype Sync="TRUE">String</attrtype><attwidth Sync="TRUE">80</attwidth><atprecis Sync="TRUE">0</atprecis><attscale Sync="TRUE">0</attscale></attr><attr><attrlabl Sync="TRUE">LAST_USER</attrlabl><attalias Sync="TRUE">LAST_USER</attalias><attrtype Sync="TRUE">String</attrtype><attwidth Sync="TRUE">80</attwidth><atprecis Sync="TRUE">0</atprecis><attscale Sync="TRUE">0</attscale></attr><attr><attrlabl Sync="TRUE">EDIT_DATE</attrlabl><attalias Sync="TRUE">EDIT_DATE</attalias><attrtype Sync="TRUE">String</attrtype><attwidth Sync="TRUE">80</attwidth><atprecis Sync="TRUE">0</atprecis><attscale Sync="TRUE">0</attscale></attr><attr><attrlabl Sync="TRUE">TYPE</attrlabl><attalias Sync="TRUE">TYPE</attalias><attrtype Sync="TRUE">String</attrtype><attwidth Sync="TRUE">80</attwidth><atprecis Sync="TRUE">0</atprecis><attscale Sync="TRUE">0</attscale></attr><attr><attrlabl Sync="TRUE">SUBTYPE</attrlabl><attalias Sync="TRUE">SUBTYPE</attalias><attrtype Sync="TRUE">String</attrtype><attwidth Sync="TRUE">80</attwidth><atprecis Sync="TRUE">0</atprecis><attscale Sync="TRUE">0</attscale></attr><attr><attrlabl Sync="TRUE">DIRPRE</attrlabl><attalias Sync="TRUE">DIRPRE</attalias><attrtype Sync="TRUE">String</attrtype><attwidth Sync="TRUE">80</attwidth><atprecis Sync="TRUE">0</atprecis><attscale Sync="TRUE">0</attscale></attr><attr><attrlabl Sync="TRUE">FEANME</attrlabl><attalias Sync="TRUE">FEANME</attalias><attrtype Sync="TRUE">String</attrtype><attwidth Sync="TRUE">80</attwidth><atprecis Sync="TRUE">0</atprecis><attscale Sync="TRUE">0</attscale></attr><attr><attrlabl Sync="TRUE">FEATYPE</attrlabl><attalias Sync="TRUE">FEATYPE</attalias><attrtype Sync="TRUE">String</attrtype><attwidth Sync="TRUE">80</attwidth><atprecis Sync="TRUE">0</atprecis><attscale Sync="TRUE">0</attscale></attr><attr><attrlabl Sync="TRUE">DIRSUF</attrlabl><attalias Sync="TRUE">DIRSUF</attalias><attrtype Sync="TRUE">String</attrtype><attwidth Sync="TRUE">80</attwidth><atprecis Sync="TRUE">0</atprecis><attscale Sync="TRUE">0</attscale></attr><attr><attrlabl Sync="TRUE">FRADDL</attrlabl><attalias Sync="TRUE">FRADDL</attalias><attrtype Sync="TRUE">Integer</attrtype><attwidth Sync="TRUE">4</attwidth><atprecis Sync="TRUE">0</atprecis><attscale Sync="TRUE">0</attscale></attr><attr><attrlabl Sync="TRUE">TOADDL</attrlabl><attalias Sync="TRUE">TOADDL</attalias><attrtype Sync="TRUE">Integer</attrtype><attwidth Sync="TRUE">4</attwidth><atprecis Sync="TRUE">0</atprecis><attscale Sync="TRUE">0</attscale></attr><attr><attrlabl Sync="TRUE">FRADDR</attrlabl><attalias Sync="TRUE">FRADDR</attalias><attrtype Sync="TRUE">Integer</attrtype><attwidth Sync="TRUE">4</attwidth><atprecis Sync="TRUE">0</atprecis><attscale Sync="TRUE">0</attscale></attr><attr><attrlabl Sync="TRUE">TOADDR</attrlabl><attalias Sync="TRUE">TOADDR</attalias><attrtype Sync="TRUE">Integer</attrtype><attwidth Sync="TRUE">4</attwidth><atprecis Sync="TRUE">0</atprecis><attscale Sync="TRUE">0</attscale></attr><attr><attrlabl Sync="TRUE">FRADDLA</attrlabl><attalias Sync="TRUE">FRADDLA</attalias><attrtype Sync="TRUE">Integer</attrtype><attwidth Sync="TRUE">4</attwidth><atprecis Sync="TRUE">0</atprecis><attscale Sync="TRUE">0</attscale></attr><attr><attrlabl Sync="TRUE">TOADDLA</attrlabl><attalias Sync="TRUE">TOADDLA</attalias><attrtype Sync="TRUE">Integer</attrtype><attwidth Sync="TRUE">4</attwidth><atprecis Sync="TRUE">0</atprecis><attscale Sync="TRUE">0</attscale></attr><attr><attrlabl Sync="TRUE">FRADDRA</attrlabl><attalias Sync="TRUE">FRADDRA</attalias><attrtype Sync="TRUE">Integer</attrtype><attwidth Sync="TRUE">4</attwidth><atprecis Sync="TRUE">0</atprecis><attscale Sync="TRUE">0</attscale></attr><attr><attrlabl Sync="TRUE">TOADDRA</attrlabl><attalias Sync="TRUE">TOADDRA</attalias><attrtype Sync="TRUE">Integer</attrtype><attwidth Sync="TRUE">4</attwidth><atprecis Sync="TRUE">0</atprecis><attscale Sync="TRUE">0</attscale></attr><attr><attrlabl Sync="TRUE">LEFTZIP</attrlabl><attalias Sync="TRUE">LEFTZIP</attalias><attrtype Sync="TRUE">String</attrtype><attwidth Sync="TRUE">80</attwidth><atprecis Sync="TRUE">0</atprecis><attscale Sync="TRUE">0</attscale></attr><attr><attrlabl Sync="TRUE">RIGHTZIP</attrlabl><attalias Sync="TRUE">RIGHTZIP</attalias><attrtype Sync="TRUE">String</attrtype><attwidth Sync="TRUE">80</attwidth><atprecis Sync="TRUE">0</atprecis><attscale Sync="TRUE">0</attscale></attr><attr><attrlabl Sync="TRUE">FULLNAME</attrlabl><attalias Sync="TRUE">FULLNAME</attalias><attrtype Sync="TRUE">String</attrtype><attwidth Sync="TRUE">80</attwidth><atprecis Sync="TRUE">0</atprecis><attscale Sync="TRUE">0</attscale></attr><attr><attrlabl Sync="TRUE">FLAG</attrlabl><attalias Sync="TRUE">FLAG</attalias><attrtype Sync="TRUE">String</attrtype><attwidth Sync="TRUE">80</attwidth><atprecis Sync="TRUE">0</atprecis><attscale Sync="TRUE">0</attscale></attr><attr><attrlabl Sync="TRUE">COMMENTS</attrlabl><attalias Sync="TRUE">COMMENTS</attalias><attrtype Sync="TRUE">String</attrtype><attwidth Sync="TRUE">80</attwidth><atprecis Sync="TRUE">0</atprecis><attscale Sync="TRUE">0</attscale></attr><attr><attrlabl Sync="TRUE">SHA_CLASS</attrlabl><attalias Sync="TRUE">SHA_CLASS</attalias><attrtype Sync="TRUE">String</attrtype><attwidth Sync="TRUE">80</attwidth><atprecis Sync="TRUE">0</atprecis><attscale Sync="TRUE">0</attscale></attr><attr><attrlabl Sync="TRUE">SHAPE_Leng</attrlabl><attalias Sync="TRUE">SHAPE_Leng</attalias><attrtype Sync="TRUE">String</attrtype><attwidth Sync="TRUE">80</attwidth><atprecis Sync="TRUE">0</atprecis><attscale Sync="TRUE">0</attscale></attr><attr><attrlabl Sync="TRUE">PLACE</attrlabl><attalias Sync="TRUE">PLACE</attalias><attrtype Sync="TRUE">String</attrtype><attwidth Sync="TRUE">80</attwidth><atprecis Sync="TRUE">0</atprecis><attscale Sync="TRUE">0</attscale></attr><attr><attrlabl Sync="TRUE">BLOCKTEXT</attrlabl><attalias Sync="TRUE">BLOCKTEXT</attalias><attrtype Sync="TRUE">String</attrtype><attwidth Sync="TRUE">80</attwidth><atprecis Sync="TRUE">0</atprecis><attscale Sync="TRUE">0</attscale></attr><attr><attrlabl Sync="TRUE">BLOCK_NUM</attrlabl><attalias Sync="TRUE">BLOCK_NUM</attalias><attrtype Sync="TRUE">Integer</attrtype><attwidth Sync="TRUE">4</attwidth><atprecis Sync="TRUE">0</atprecis><attscale Sync="TRUE">0</attscale></attr><attr><attrlabl Sync="TRUE">ZIPCODE</attrlabl><attalias Sync="TRUE">ZIPCODE</attalias><attrtype Sync="TRUE">String</attrtype><attwidth Sync="TRUE">80</attwidth><atprecis Sync="TRUE">0</atprecis><attscale Sync="TRUE">0</attscale></attr><attr><attrlabl Sync="TRUE">GlobalID</attrlabl><attalias Sync="TRUE">GlobalID</attalias><attrtype Sync="TRUE">String</attrtype><attwidth Sync="TRUE">80</attwidth><atprecis Sync="TRUE">0</atprecis><attscale Sync="TRUE">0</attscale></attr><attr><attrlabl Sync="TRUE">URL</attrlabl><attalias Sync="TRUE">URL</attalias><attrtype Sync="TRUE">String</attrtype><attwidth Sync="TRUE">80</attwidth><atprecis Sync="TRUE">0</atprecis><attscale Sync="TRUE">0</attscale></attr><attr><attrlabl Sync="TRUE">ShapeSTLen</attrlabl><attalias Sync="TRUE">ShapeSTLen</attalias><attrtype Sync="TRUE">Double</attrtype><attwidth Sync="TRUE">8</attwidth><atprecis Sync="TRUE">0</atprecis><attscale Sync="TRUE">0</attscale></attr><attr><attrlabl Sync="TRUE">Shape_Length</attrlabl><attalias Sync="TRUE">Shape_Length</attalias><attrtype Sync="TRUE">Double</attrtype><attwidth Sync="TRUE">8</attwidth><atprecis Sync="TRUE">0</atprecis><attscale Sync="TRUE">0</attscale><attrdef Sync="TRUE">Length of feature in internal units.</attrdef><attrdefs Sync="TRUE">Esri</attrdefs><attrdomv><udom Sync="TRUE">Positive real numbers that are automatically generated.</udom></attrdomv></attr></detailed></eainfo><mdDateSt Sync="TRUE">20180418</mdDateSt></metadata>
